{
    "n_estimators": 100,
    "max_depth": 10,
    "learning_rate": 0.1,
    "gamma": 0,
    "train_acc": 0.9912037037037038,
    "val_acc": 0.8536375661375661
}